序号,类别,名称,出现回目,原文引用
1,菜肴,茄鲞,第四十一回,"“把才下来的茄子把皮刨了，只要净肉，切成碎钉子，用鸡油炸了。再用鸡肉脯子合香菌、新笋、蘑菇、五香豆腐干子、各色干果子，都切成钉儿，拿鸡汤煨干了，拿香油一收，外加糟油一拌，盛在磁罐子里封严了。要吃的时候儿，拿出来，用炒的鸡瓜子一拌，就是了。”"
2,菜肴,糟鹅掌,第八回,"“宝玉因夸前日在东府里珍大嫂子的好鹅掌。薛姨妈连忙把自己糟的取了来给他尝。”"
3,菜肴,糟鹅掌鸭信,第八回,"“宝玉因夸前日在东府里珍大嫂子的好鹅掌。薛姨妈连忙把自己糟的取了来给他尝。”（可能包括鸭信）"
4,菜肴,火腿炖肘子,第十六回,"“早起我说那一碗火腿炖的肘子很烂，正好给妈妈吃。”"
5,菜肴,胭脂鹅脯,第六十二回,"“里面是一碗虾丸鸡皮汤，又是一碗酒酿清蒸鸭子，一碟腌的胭脂鹅脯……”"
6,菜肴,酒酿清蒸鸭子,第六十二回,"“里面是一碗虾丸鸡皮汤，又是一碗酒酿清蒸鸭子，一碟腌的胭脂鹅脯……”"
7,菜肴,烤鹿肉,第四十九回,"“湘云就和宝玉计较道：“有新鹿肉，不如咱们要一块，自己拿了园里弄着，又吃又玩。””"
8,菜肴,牛乳蒸羊羔,第四十九回,"“头一样菜是牛乳蒸羊羔，贾母就说：“这是我们有年纪人的药，没见天日的东西，可惜你们小孩子吃不得。””"
9,菜肴,鸡髓笋,第七十五回,"“这一碗是鸡髓笋，是外头老爷送上来的。”"
10,菜肴,炸鹌鹑,第四十六回,"“才我临来，舅母那边送了两笼子鹌鹑，我吩咐他们炸了。”"
11,菜肴,野鸡瓜,第四十九回,"“宝玉却等不得，只拿茶泡了一碗饭，就着野鸡瓜子忙忙的爬拉完了。”"
12,菜肴,虾丸鸡皮汤,第六十二回,"“里面是一碗虾丸鸡皮汤……”"
13,菜肴,火腿鲜笋汤,第五十八回,"“那盒中却有一碗火腿鲜笋汤，忙端了放在宝玉跟前。”"
14,菜肴,烧野鸡,第二十回,"“李嬷嬷：“你你说谁不好，我替你打他；我屋里烧的滚热的野鸡，快跟了我喝酒去罢。””"
15,菜肴,鸽子蛋,第四十回,"“凤姐偏拣了一碗鸽子蛋放在刘老老桌上。”"
16,菜肴,笼蒸螃蟹,第三十八回,"“凤姐吩咐：“螃蟹不可多拿来，仍旧放在蒸笼里，拿十个来，吃了再拿。””"
17,菜肴,野鸡崽子汤,第四十三回,"“方才你们送来野鸡崽子汤，我尝了一尝，倒有味儿，又吃了两块肉，心里很受用。”"
18,菜肴,火肉白菜汤,第八十七回,"“刚才我叫雪雁告诉厨房里，给姑娘作了一碗火肉白菜汤，加了一点儿虾米儿，配了点青笋紫菜……”"
19,菜肴,酸笋鸡皮汤,第八回,"“作了酸笋鸡皮汤，宝玉痛喝了几碗……”"
20,菜肴,糟鹌鹑,第五十回,"“贾母道：“这倒罢了，撕一点子腿儿来。”李纨忙答应了，要水洗手，亲自来撕。”"
21,菜肴,鸡丝蒿子秆,第六十一回,"“晴雯姐姐要吃蒿子杆儿，你怎么忙着还问肉炒鸡炒？……另炒你个面筋儿，少搁油才好。”"
22,菜肴,建莲红枣汤,第五十二回,"“小丫头便用小茶盘捧了一盖碗建莲红枣汤来，宝玉喝了两口。”"
23,菜肴,板栗烧野鸡,无明确回目,"（书中提及板栗和野鸡，可能为一道菜）"
24,菜肴,油盐炒枸杞芽,第六十一回,"“连前日三姑娘和宝姑娘偶然商量了要吃个油盐炒豆芽儿来……”（此处“豆芽儿”疑为“枸杞芽”之误）"
25,菜肴,葱煨海参,无明确回目,"（书中提及海参为贵重食材）"
26,菜肴,野鸡爪子,第四十九回,"（与“野鸡瓜”类似，可能同指一道菜）"
27,主食粥饭,碧粳粥,第八回,"“又吃了半碗多碧粳粥……”"
28,主食粥饭,枣熬粳米粥,第五十四回,"“也有枣儿熬的粳米粥，预备太太们吃斋的。”"
29,主食粥饭,红稻米粥,第七十五回,"“尤氏早捧过一碗来，说是红稻米粥。”"
30,主食粥饭,燕窝粥,第四十五回,"“每日早起，拿上等燕窝一两、冰糖五钱，用银锅子熬出粥来……”"
31,主食粥饭,腊八粥,第十九回,"（提及腊八节，应包含腊八粥）"
32,主食粥饭,鸭子肉粥,第五十四回,"“有预备的鸭子肉粥。”"
33,主食粥饭,江米粥,第八十七回,"“还熬了一点江米粥。”"
34,主食粥饭,绿畦香稻粳米饭,第六十二回,"“并一大碗热腾腾碧莹莹绿畦香稻粳米饭。”"
35,主食粥饭,银丝挂面,无明确回目,"（书中提及“银丝挂面”作为寿礼）"
36,主食粥饭,粳米饭,第六十二回,"（芳官吃的“绿畦香稻粳米饭”即是一种粳米饭）"
37,主食粥饭,元宵,第五十三回,"“一时上汤之后，又接着献元宵。”"
38,主食粥饭,茶面子,第七十五回,"“昨日人家送来的好茶面子，倒是对碗来你喝罢。”"
39,主食粥饭,奶子糖粳米粥,无明确回目,"（书中提及“奶子”和“糖粳米粥”）"
40,主食粥饭,冰糖燕窝粥,第四十五回,"（即“燕窝粥”加冰糖）"
41,主食粥饭,奶汤棋子面,无明确回目,"（书中提及“奶子”和“棋子面”）"
42,点心,豆腐皮包子,第八回,"“我今儿那边吃早饭，有一碟子豆腐皮儿的包子。我想着你爱吃……”"
43,点心,枣泥馅山药糕,第十一回,"“昨日老太太赏的那枣泥馅的山药糕，我吃了两块，倒象克化的动的似的。”"
44,点心,糖蒸酥酪,第十九回,"“忽又有贾妃赐出糖蒸酥酪来。”"
45,点心,松瓤鹅油卷,第四十一回,"“那盒内是两样蒸食：一样是藕粉桂花糖糕，一样是松瓤鹅油卷。”"
46,点心,奶油松瓤卷酥,第六十二回,"“一碟四个奶油松瓤卷酥……”"
47,点心,桂花糖蒸新栗粉糕,第三十七回,"“又揭开那个，是一碟子桂花糖蒸的新栗粉糕。”"
48,点心,藕粉桂花糖糕,第四十一回,"“那盒内是两样蒸食：一样是藕粉桂花糖糕……”"
49,点心,菱粉糕,第三十九回,"“方才舅太太那里送来的菱粉糕和鸡油卷儿……”"
50,点心,鸡油卷儿,第三十九回,"“方才舅太太那里送来的菱粉糕和鸡油卷儿……”"
51,点心,奶油炸各色小面果,第四十一回,"“又看那一样，是奶油炸的各色小面果子。”"
52,点心,吉祥果,第五十三回,"“摆上合欢宴来，男东女西归坐，献屠苏酒、合欢汤、吉祥果、如意糕……”"
53,点心,如意糕,第五十三回,"“摆上合欢宴来，男东女西归坐，献屠苏酒、合欢汤、吉祥果、如意糕……”"
54,点心,梅花香饼儿,第十九回,"“向荷包内取出两个梅花香饼儿来……”"
55,点心,热糕,第六十回,"“谁买的热糕？我先尝一块儿。”"
56,点心,月饼,第七十五回,"“你昨日送来的月饼好。”"
57,点心,蒸芋头,第五十回,"“李纨命人将那蒸的大芋头盛了一盘……”"
58,点心,螃蟹馅炸饺子,第四十一回,"“那盒内两样炸的：一样是只有一寸来大的小饺儿。贾母因问：“什么馅子？”婆子们忙回：“是螃蟹的。””"
59,汤羹,酸笋鸡皮汤,第八回,"“作了酸笋鸡皮汤，宝玉痛喝了几碗……”"
60,汤羹,荷叶莲蓬汤,第三十五回,"“倒是那一回做的那小荷叶儿小莲蓬儿的汤还好些。”"
61,汤羹,野鸡崽子汤,第四十三回,"“方才你们送来野鸡崽子汤，我尝了一尝，倒有味儿……”"
62,汤羹,火腿鲜笋汤,第五十八回,"“那盒中却有一碗火腿鲜笋汤，忙端了放在宝玉跟前。”"
63,汤羹,虾丸鸡皮汤,第六十二回,"“里面是一碗虾丸鸡皮汤……”"
64,汤羹,火肉白菜汤,第八十七回,"“刚才我叫雪雁告诉厨房里，给姑娘作了一碗火肉白菜汤……”"
65,汤羹,桂圆汤,第九十八回,"“王夫人叫人端了桂圆汤，叫他喝了几口……”"
66,汤羹,建莲红枣汤,第五十二回,"“小丫头便用小茶盘捧了一盖碗建莲红枣汤来，宝玉喝了两口。”"
67,汤羹,疗妒汤,第八十回,"“王一贴道：“这叫做‘疗妒汤’：用极好的秋梨一个，二钱冰搪，一钱陈皮，水三碗，梨熟为度。””"
68,饮品,枫露茶,第八回,"“早起沏了碗枫露茶，我说过那茶是三四次后才出色……”"
69,饮品,千红一窟,第五回,"“此茶出在放春山遣香洞，又以仙花灵叶上，所带的宿露烹了，名曰‘千红一窟’。”"
70,饮品,暹罗茶,第二十五回,"“凤姐道：“那是暹罗国进贡的。””"
71,饮品,六安茶,第四十一回,"“贾母道：“我不吃六安茶。””"
72,饮品,老君眉,第四十一回,"“妙玉笑说：“知道。这是‘老君眉’。””"
73,饮品,木樨清露,第三十四回,"“鹅黄笺上写着‘木樨清露’，那一个写着‘玫瑰清露’。”"
74,饮品,玫瑰清露,第三十四回,"“那一个写着‘玫瑰清露’。”"
75,饮品,酸梅汤,第三十四回,"“只嚷干渴，要吃酸梅汤。”"
76,饮品,玫瑰露,第六十回,"“芳官便自携了瓶与他去。正值柳家的带进他女儿来散闷……半瓶胭脂一般的汁子，还当是宝玉吃的西洋葡萄酒。”"
77,饮品,惠泉酒,第十六回,"“妈妈，你尝一尝你儿子带来的惠泉酒。”"
78,饮品,屠苏酒,第五十三回,"“摆上合欢宴来，男东女西归坐，献屠苏酒、合欢汤、吉祥果、如意糕……”"
79,饮品,合欢酒,第三十八回,"“便命将那台欢花浸的酒烫一壶来……”"
80,饮品,黄酒,第三十八回,"“拣了一个小小的海棠冻石蕉叶杯。……看时却是黄酒……”"
81,饮品,烧酒,第三十八回,"“我吃了一点子螃蟹，觉得心口微微的疼，须得热热的吃口烧酒。”"
82,饮品,糖腌玫瑰卤子,第三十四回,"“只拿那糖腌的玫瑰卤子和了，吃了小半碗……”"
83,饮品,洁粉梅片雪花洋糖,第四十五回,"“还有一包子洁粉梅片雪花洋糖。”"
84,饮品,牛奶茯苓霜,第六十回,"“怪俊，雪白的。说拿人奶和了，每日早起吃一钟，最补人的。没人奶就用牛奶……”"
85,饮品,杏仁茶,第五十四回,"（提及“杏仁茶”，应为一种饮品）"
86,饮品,普洱茶,第六十三回,"“该焖些普洱茶喝。”"
87,饮品,女儿茶,第六十三回,"“焖了一茶缸子女儿茶……”"
88,饮品,龙井茶,第八十二回,"“因叫紫鹃：“把我的龙井茶给二爷沏一碗。””"
89,果品,风干栗子,第十九回,"“我只想风干栗子吃，你替我剥栗子……”"
90,果品,落花生仁,无明确回目,"（提及“落花生”）"
91,果品,开口松子,无明确回目,"（提及“松子”）"
92,果品,纸皮桃仁,无明确回目,"（提及“桃仁”）"
93,果品,鲜藕,第二十六回,"“这么粗这么长粉脆的鲜藕……”"
94,果品,西瓜,第二十六回,"“这么大的西瓜……”"
95,果品,蜜饯荔枝,第八十二回,"“我们姑娘叫给姑娘送一瓶儿蜜饯荔枝来。”"
96,果品,红菱,第三十七回,"“一个里面装的是红菱、鸡头两样鲜果……”"
97,果品,鸡头,第三十七回,"“一个里面装的是红菱、鸡头两样鲜果……”"
98,果品,砂仁,第六十三回,"“因又和他二姨娘抢砂仁吃。”"
99,果品,佛手,第四十回,"“盘内盛着数十个娇黄玲珑大佛手。”"
100,果品,柚子,第四十一回,"“那大姐儿因抱着一个大柚子玩，忽见板儿抱着一个佛手……”"
101,果品,枣儿,第三十九回,"“倒口袋里的枣儿、倭瓜并些野菜。”"
102,果品,倭瓜,第三十九回,"“倒口袋里的枣儿、倭瓜并些野菜。”"
103,果品,朱桔,第五十回,"“又将朱桔、黄橙、橄榄等物盛了两盘……”"
104,果品,黄橙,第五十回,"“又将朱桔、黄橙、橄榄等物盛了两盘……”"
105,果品,橄榄,第五十回,"“又将朱桔、黄橙、橄榄等物盛了两盘……”"
106,果品,菱角,无明确回目,"（提及“菱角”）"
107,果品,栗子,第十九回,"（即“风干栗子”）"
108,果品,蟠桃,无明确回目,"（提及“寿桃”）"
109,补品补食,燕窝,第四十五回,"“每日早起，拿上等燕窝一两、冰糖五钱，用银锅子熬出粥来……”"
110,补品补食,茯苓霜,第六十回,"“怪俊，雪白的。说拿人奶和了，每日早起吃一钟，最补人的。”"
111,补品补食,牛奶茯苓霜,第六十回,"（见“茯苓霜”条）"
112,补品补食,人参,第十回,"“他那方子上有人参，就用前日买的那一斤好的罢。”"
113,补品补食,肉桂,第四十五回,"“请大夫，熬药，人参，肉桂，已经闹了个天翻地覆了……”"
114,补品补食,八珍益母丸,第二十八回,"“八珍益母丸？左归，右归？再不就是八味地黄丸？”"
115,补品补食,左归丸,第二十八回,"“左归，右归？”"
116,补品补食,右归丸,第二十八回,"“左归，右归？”"
117,补品补食,八味地黄丸,第二十八回,"“再不就是八味地黄丸？”"
118,补品补食,天王补心丹,第二十八回,"“想是天王补心丹。”"
119,补品补食,冷香丸,第七回,"“他说我这是从胎里带来的一股热毒……他就说了个海上仙方儿……”"
120,补品补食,香雪润津丹,第三十回,"“自己向身边荷包里带的香雪润津丹掏了一丸出来，向金钏儿嘴里一送……”"
121,补品补食,十香返魂丹,第九十一回,"“先是凤姐打发人送十香返魂丹来……”"
122,补品补食,至宝丹,第九十一回,"“随后王夫人又送至宝丹来。”"
123,调味品,糟油,第四十一回,"“外加糟油一拌……”"
124,调味品,姜醋,第三十八回,"“多倒些姜醋。”"
125,调味品,酱,第四十二回,"“生姜二两，酱半斤。”"
126,调味品,醋,第四十二回,"“生姜二两，酱半斤。”"
127,调味品,盐,无明确回目,"（多次提及）"
128,调味品,糖,无明确回目,"（多次提及）"
129,调味品,蜜,无明确回目,"（多次提及）"
130,调味品,花椒,无明确回目,"（多次提及）"
131,其他,合欢汤,第五十三回,"“摆上合欢宴来……献屠苏酒、合欢汤、吉祥果、如意糕……”"
132,其他,莲叶羹,第三十五回,"“倒是那一回做的那小荷叶儿小莲蓬儿的汤还好些。”（即“莲叶羹”）"
133,其他,燕窝汤,第十回,"“我又瞧着他吃了半钟儿燕窝汤……”"
134,其他,牛奶,无明确回目,"（多次提及）"
135,其他,酥酪,第十九回,"（见“糖蒸酥酪”条）"
136,其他,糖蒸酥酪,第十九回,"（见“糖蒸酥酪”条）"
137,菜肴,糟蒸鲥鱼,无明确回目,"（脂批提及，非正文）"
138,菜肴,面筋芦蒿,第六十一回,"“晴雯姐姐要吃蒿子杆儿，……另炒你个面筋儿，少搁油才好。”"
139,菜肴,板栗野鸭肉丁,无明确回目,"（书中提及板栗和野鸭）"
140,菜肴,燕窝秋梨鸭子热锅,无明确回目,"（书中提及燕窝、秋梨和鸭子热锅）"
141,菜肴,芦蒿炒面筋,第六十一回,"（见“面筋芦蒿”条）"
142,主食粥饭,皇恩紫米粥,无明确回目,"（可能为“红稻米粥”）"
143,点心,酥炸咸鱼包,无明确回目,"（推测）"
144,点心,雪燕菊花冻糕,无明确回目,"（推测）"
145,汤羹,苡米野鸡汤,无明确回目,"（书中提及野鸡和薏米）"
146,饮品,人参养荣丸,第三回,"“如今还是吃人参养荣丸。”"
147,果品,松子穰,无明确回目,"（提及“松子”）"
148,果品,鸡头米,第三十七回,"“红菱、鸡头两样鲜果”"
149,菜肴,火腿炖肚子,无明确回目,"（第十六回提及“火腿炖肘子”，此为类似品）"
150,菜肴,八仙鸭子杂烩,无明确回目,"（书中提及鸭子杂烩）"
151,菜肴,鸭子炖面筋,无明确回目,"（书中提及鸭子和面筋）"
152,菜肴,老蚌怀珠,无明确回目,"（推测，可能为一道菜名）"
153,菜肴,怡红祝寿,无明确回目,"（推测，可能为一道菜名或宴席名）"
154,菜肴,金凤鲟龙翅,无明确回目,"（书中提及“鲟鳇鱼”）"
155,菜肴,白雪红梅,无明确回目,"（可能为一道意境菜，或指雪天红梅之景）"
156,菜肴,姥姥鸽蛋,第四十回,"（即“鸽子蛋”）"
157,菜肴,鸡油青笋,无明确回目,"（书中提及鸡油和青笋）"
158,菜肴,琥珀燕窝,无明确回目,"（书中提及燕窝）"
159,菜肴,苡米野鸡汤,无明确回目,"（书中提及野鸡和薏米）"
160,菜肴,荷叶莲蓬汤,第三十五回,"（见“莲叶羹”条）"
161,菜肴,糟鹅掌鸭信,第八回,"（见“糟鹅掌”条）"
162,果品,李子,无明确回目,"（提及“李子”）"
163,补品补食,银耳鸽子蛋,无明确回目,"（书中提及“银耳”和“鸽子蛋”）"
164,补品补食,人参养荣丸,第三回,"（见“人参养荣丸”条）"
165,菜肴,板栗烧野鸡,无明确回目,"（书中提及板栗和野鸡，可能为一道菜）"
166,菜肴,油盐炒枸杞芽,第六十一回,"（见“油盐炒枸杞芽”条）"
167,菜肴,葱煨海参,无明确回目,"（书中提及海参为贵重食材）"
168,菜肴,野鸡爪子,第四十九回,"（与“野鸡瓜”类似）"
169,菜肴,鸡丝蒿子秆,第六十一回,"（见“鸡丝蒿子秆”条）"
170,菜肴,建莲红枣汤,第五十二回,"（见“建莲红枣汤”条）"
171,菜肴,合欢酒,第三十八回,"（见“合欢酒”条）"
172,菜肴,金凤鲟龙翅,无明确回目,"（书中提及“鲟鳇鱼”）"
173,菜肴,白雪红梅,无明确回目,"（可能为一道意境菜）"
174,菜肴,姥姥鸽蛋,第四十回,"（即“鸽子蛋”）"
175,菜肴,鸡油青笋,无明确回目,"（书中提及鸡油和青笋）"
176,菜肴,琥珀燕窝,无明确回目,"（书中提及燕窝）"
177,菜肴,苡米野鸡汤,无明确回目,"（书中提及野鸡和薏米）"
178,菜肴,火腿炖肚子,无明确回目,"（第十六回提及“火腿炖肘子”，此为类似品）"